Degree Centrality,Norm. Degree Centrality,In-degree Centrality,Norm. In-degree Centrality,Out-degree Centrality,Norm. Out-degree Centrality,Eigenvector Centrality,Betweenness Centrality,Closeness Centrality,PageRank Centrality,Hub Score,Authority Score,Subgraph Centrality,Clustering
ts-preserve-other-service,rabbitmq,ts-sso-service,consul,ts-preserve-service,config-server,discovery-server,rabbitmq,rabbitmq,discovery-server,backend,registry,ts-preserve-service,benchmark-service
ts-travel-service,jhipster-registry,ts-station-service,rabbitmq,ts-preserve-other-service,movie-catalog-service,discovery-service,gateway,discovery-server,rabbitmq,authserver,rabbitmq,ts-preserve-other-service,github-repository
ts-preserve-service,order,ts-order-other-service,jhipster-registry,ts-preserve-service,rabbitmq,zuul,registry,consul,jhipster-registry,benchmark-service,scaffold-eureka,ts-order-service,monitor
ts-sso-service,order,scaffold-eureka,discovery-server,ts-preserve-other-service,jhipster-registry,scaffold-zuul,serviceregistry,scaffold-eureka,kafka,repository-service,discovery-service,ts-order-other-service,github-repository
ts-order-other-service,benchmark-service,ts-order-service,scaffold-eureka,config-server,apache,api-gateway,gateway-service,discovery-service,consul,gateway-service,eureka,ts-seat-service,rabbitmq
ts-preserve-other-service,department-service,ts-station-service,discovery-service,config,order,api-gateway,api-gateway,eureka,discovery-service,jhipster-registry,rabbit,ts-travel-service,github-repository
ts-order-service,eureka,ts-order-service,eureka,configserver,configserver,microservice-api-gateway,discovery-service,eureka,discovery-server,movie-catalog-service,jhipster-registry,ts-station-service,github-repository
ts-preserve-service,apache,logstash,eureka,ts-rebook-service,config-service,logstash,eureka,serviceregistry,registry,config-server,discovery-server,ts-rebook-service,scaffold-route-operate
ts-seat-service,consul,discovery-service,webservice-registry,config-server,configserver,ts-station-service,zuul,logstash,discovery-service,customer-service,mysql,ts-sso-service,scaffold-route-openapi
ts-travel2-service,kafka,eureka-server,serviceregistry,zookeeper,configurator,discovery-server,jhipster-registry,webservice-registry,scaffold-eureka,account-service,rating-service,ts-travel2-service,scaffold-zuul
ts-travel-service,configserver,ts-travel-service,logstash,config-server,config-service,consul,gateway,discovery-service,gateway-service,config-service,serviceregistry,eureka-server,scaffold-business-sys-service
ts-station-service,gateway-service,ts-travel-service,eureka-server,config-service,config-service,personal-info-service,registry,registry,gateway,configserver,invoicing,admin,scaffold-business-job-service
scaffold-eureka,discovery-service,registry,zipkin,configserver,order,jhipster-registry,eureka-service,eureka-service,zuul,order,shipping,ts-travel-service,scaffold-business-thirdparty-service
config-server,employee-service,rabbit,employee-service,ts-travel-plan-service,api-gateway,kafka,recommendation-client,kafka,scaffold-zuul,order,consul,config-server,scaffold-txmanager
configserver,organization-service,ts-order-other-service,eureka-service,ts-rebook-service,config,rabbitmq,gateway-service,zipkin,serviceregistry,apache,discovery-service,logstash,zipkin
ts-seat-service,gateway-service,ts-train-service,kafka,admin,config-server,eureka-discovery,auth-service,eureka-server,eureka,configserver,order,ts-preserve-service,api-gateway
ts-order-service,scaffold-eureka,ts-route-service,discovery-server,configurator,config-server,eureka-service,kafka,discovery-service,eureka-service,configurator,webservice-registry,ts-seat-service,order
config-service,repository-service,discovery-service,discovery-service,ts-travel2-service,zookeeper,serviceregistry,discovery-service,employee-service,logstash,config-server,appointment-service,ts-preserve-other-service,position
ts-basic-service,configserver,ts-travel2-service,webservice-registry,ts-cancel-service,gateway,zipkin,eureka-discovery,webservice-registry,eureka,api-gateway,message-service,ts-ticketinfo-service,intention
ts-station-service,movie-catalog-service,eureka,registry,ts-seat-service,gateway-service,discovery-service,zuul-gateway,discovery-server,api-gateway,user-service,discovery-service,ts-travel-plan-service,uc
config-server,discovery-server,discovery-server,discovery-service,ts-admin-basic-info-service,gateway-service,registry,config-service,shipping,api-gateway,config-service,blog,ts-basic-service,rabbit
admin,config-service,webservice-registry,discovery-service,ts-travel-service,gateway-service,eureka,eureka,invoicing,recommendation-client,apache,catalog,ts-travel2-service,mysql
eureka-server,serviceregistry,ts-seat-service,eureka-discovery,config-service,organization-service,registry,turbine-stream-service,repository-service,webservice-registry,postgres,movie-info-service,zookeeper,qbike-uc
ts-rebook-service,api-gateway,webservice-registry,registry,ts-admin-basic-info-service,zuul,edge-server,rabbitmq,jhipster-registry,zuul,zuul,customer,reminder,microservice-api-gateway
configserver,config-service,ts-seat-service,shipping,ts-travel-plan-service,admin,discovery-service,configserver,benchmark-service,api-gateway,approval-service,order,mailer,qbike-order
config-server,registry,ts-ticketinfo-service,department-service,config-service,postgres,gateway-service,config-service,eureka-discovery,webservice-registry,config,store,ts-station-service,mail-server
ts-order-other-service,eureka,ts-route-service,benchmark-service,ts-admin-travel-service,apache,gateway,notification-service,discovery-service,repository-service,recommendation-client,ratings-data-service,config,external-website
ts-travel2-service,gateway,eureka,repository-service,ts-cancel-service,repository-service,zuul-gateway,statistics-service,registry,benchmark-service,github-repository,eureka,api-gateway,rabbitmq
config,config-server,eureka-service,order,apache,recommendation-client,repository-service,rabbit,gateway-service,edge-server,store,webservice-registry,oauth,github-repository
zookeeper,webservice-registry,mysql,invoicing,organization-service,user-service,benchmark-service,configserver,recommendation-client,discovery-service,movie-info-service,catalog,ts-order-service,zipkin-tracing
registry,discovery-service,eureka,catalog,gateway,department-service,shipping,message-service,blog,eureka-discovery,ratings-data-service,order,ts-train-service,ts-admin-user-service
discovery-service,configurator,consul,order,order,benchmark-service,invoicing,scaffold-eureka,gateway,shipping,organization-service,customer,registry,ts-food-map-service
discovery-service,auth-service,ts-train-service,rating-service,ts-basic-service,auth-service,ts-station-service,qbike-order,api-gateway,invoicing,config-service,employee-service,ts-security-service,ts-notification-service
eureka,order,statistics-service,customer,auth-service,product-proxy,discovery-service,webservice-registry,rating-service,store,product-proxy,hospital-manage-service,ts-route-service,ts-login-service
rabbit,discovery-service,kafka,rabbit,ts-travel2-service,foodtray-service,recommendation-client,turbine,api-gateway,blog,config-server,eureka-discovery,ts-food-service,mail-server
webservice-registry,recommendation-client,employee-service,auth-service,ts-travel-service,auth-service,store,config-server,zuul,zuul-gateway,auth-service,eureka-service,ts-route-plan-service,ts-admin-route-service
ts-ticketinfo-service,config-service,ts-basic-service,geocoderremote-service,order,gateway,blog,config-server,zuul,auth-service,gateway-service,user-service,ts-inside-payment-service,ts-admin-order-service
logstash,eureka-service,discovery-service,order,ts-route-plan-service,appointment-service,rating-service,backend,scaffold-zuul,personal-info-service,kafka,recommendation-service,ts-cancel-service,ts-execute-service
auth-service,eureka-server,ts-travel2-service,catalog,gateway-service,account-service,api-gateway,authserver,gateway-service,zipkin,foodtray-service,movie-service,gateway,ts-payment-service
kafka,admin,zipkin,mailer,gateway-service,approval-service,rabbitmq,customer-service,department-service,eureka,order,geocoderremote-service,auth-service,ts-user-service
ts-train-service,config-server,mailer,customer,ts-basic-service,ratings-data-service,employee-service,account-service,api-gateway,microservice-api-gateway,uc,discovery-server,ts-order-other-service,ts-consign-price-service
notification-service,config-server,eureka-discovery,statistics-service,product-proxy,movie-info-service,hospital-manage-service,discovery-service,customer-service,gateway-service,intention,discovery-service,ts-rebook-service,ts-food-delivery-service
gateway,zuul,ts-user-service,account-service,movie-catalog-service,order,mail-server,eureka,recommendation-service,ratings-data-service,position,zipkin,organization-service,ts-admin-basic-info-service
statistics-service,webservice-registry,discovery-server,gateway-service,zuul,kafka,customer-service,webservice-registry,authserver,movie-info-service,admin,eureka-server,gateway-service,ts-train-food-service
department-service,rating-service,serviceregistry,customer-service,ts-register-service,github-repository,account-service,appointment-service,customer,discovery-service,zookeeper,department-service,department-service,ts-station-food-service
ts-travel-plan-service,customer,shipping,gateway-service,apache,store,backend,rabbitmq,user-service,account-service,auth-service,geocoderlocal-service,employee-service,ts-consign-service
gateway-service,catalog,order,movie-info-service,ts-food-service,customer-service,authserver,account-service,movie-service,customer-service,department-service,registry,ts-travel-plan-service,ts-price-service
organization-service,user-service,invoicing,ratings-data-service,notification-service,discovery-service,order,reminder,backend,backend,user-proxy,approval-service,ts-admin-travel-service,ts-assurance-service
ts-inside-payment-service,config,ts-price-service,recommendation-service,ts-inside-payment-service,authserver,catalog,user-service,catalog,authserver,turbine,hotel-service,ts-contacts-service,postgres
webservice-registry,eureka-discovery,geocoderremote-service,recommendation-client,postgres,backend,customer,rating-service,customer,registry,hotel-service,user-service,config-service,ts-config-service
order,logstash,auth-service,user-service,foodtray-service,registry,ts-sso-service,hotel-service,catalog,gateway,rating-service,auth-service,discovery-service,ts-contacts-service
ts-route-service,zookeeper,ts-contacts-service,movie-service,ts-seat-service,employee-service,auth-service,mailer,account-service,eureka-server,gateway,logstash,notification-service,mail-server
employee-service,discovery-service,ts-inside-payment-service,authserver,ts-route-plan-service,message-service,zuul,geocoderremote-service,edge-server,hospital-manage-service,task-webservice,comments-webservice,statistics-service,ts-admin-route-service
ts-rebook-service,movie-info-service,jhipster-registry,backend,auth-service,ts-preserve-other-service,ts-route-service,shipping,zuul-gateway,rating-service,appointment-service,price-service,account-service,ts-admin-travel-service
mailer,account-service,account-service,organization-service,department-service,ts-preserve-service,ts-train-service,order,auth-service,customer,task-webservice,item-service,ts-assurance-service,ts-admin-order-service
jhipster-registry,shipping,ts-notification-service,gateway,turbine,ts-preserve-service,gateway,invoicing,rabbit,catalog,turbine-server,statistics-service,ts-route-service,ts-execute-service
reminder,backend,ts-contacts-service,appointment-service,api-gateway,ts-preserve-other-service,movie-service,ts-travel-service,mailer,order,security-service,monitor-dashboard,ts-route-plan-service,ts-payment-service
order,ratings-data-service,notification-service,blog,reminder,turbine,user-service,organization-service,hotel-service,employee-service,category-service,recommendation-client,ts-security-service,ts-consign-price-service
auth-service,invoicing,api-gateway,store,ts-food-service,reminder,recommendation-service,employee-service,personal-info-service,mail-server,product-service,notification-service,ts-basic-service,ts-admin-basic-info-service
configurator,zipkin,department-service,personal-info-service,recommendation-client,mongodb,monitor-dashboard,department-service,store,appointment-service,auth-server,account-service,config-service,ts-register-service
discovery-server,authserver,oauth,message-service,jhipster-registry,user-proxy,turbine,ts-seat-service,user-service,message-service,ts-preserve-service,comments-webservice,ts-notification-service,ts-verification-code-service
config-service,gateway-service,rabbitmq,hospital-manage-service,ts-inside-payment-service,notification-service,rabbitmq,ts-travel-service,geocoderremote-service,hystrix-dashboard,mongodb,category-service,configserver,ts-train-service
ts-route-service,customer-service,reminder,eureka,scaffold-config-server,hotel-service,catalog,catalog,order,movie-catalog-service,ts-preserve-other-service,product-service,zipkin,ts-consign-service
ts-travel-plan-service,appointment-service,ts-consign-service,mysql,user-service,catalog,order,order,organization-service,ts-station-service,scaffold-config-server,mailer,ts-food-service,ts-config-service
eureka,discovery-server,turbine,reminder,task-webservice,task-webservice,customer,customer,rabbitmq,customer,ts-preserve-service,monitor-dashboard,ts-train-service,ts-notification-service
account-service,store,monitor-dashboard,api-gateway,account-service,rating-service,gateway-service,ts-ticketinfo-service,gateway,order,ts-preserve-other-service,oauth,discovery-service,apache
ts-admin-basic-info-service,message-service,ts-food-service,oauth,statistics-service,serviceregistry,hotel-service,ts-seat-service,geocoderlocal-service,catalog,employee-service,reminder,config-server,scaffold-route-app
eureka-service,registry,recommendation-client,ts-sso-service,ts-login-service,customer,user-service,ts-travel2-service,eureka,qbike-order,order,api-gateway,configserver,zookeeper
ts-cancel-service,customer,recommendation-service,zuul-gateway,qbike-intention,turbine-server,geocoderlocal-service,ts-basic-service,statistics-service,rabbit,catalog,api-gateway,config-server,kafka
ts-admin-travel-service,catalog,ts-verification-code-service,hystrix-dashboard,employee-service,task-webservice,geocoderremote-service,kafka,hospital-manage-service,department-service,customer,zuul-gateway,webservice-registry,github-repository
turbine,mailer,movie-service,geocoderlocal-service,ts-order-other-service,ts-rebook-service,ts-order-service,recommendation-service,ts-sso-service,turbine,zipkin,hystrix-dashboard,discovery-service,blog
ts-cancel-service,reminder,organization-service,notification-service,gateway-service,scaffold-config-server,ts-order-other-service,user-service,turbine-stream-service,turbine-stream-service,api-gateway,organization-service,auth-service,jhipster-registry
recommendation-client,geocoderremote-service,ts-security-service,account-service,order,customer,ts-price-service,movie-service,ts-station-service,hotel-service,scaffold-route-operate,api-gateway,webservice-registry,hystrix-dashboard
oauth,auth-service,comments-webservice,rabbitmq,position,oauth,statistics-service,ts-travel2-service,notification-service,user-service,scaffold-route-openapi,turbine,configurator,store
api-gateway,gateway,api-gateway,ts-station-service,intention,catalog,account-service,ts-order-service,account-service,ts-sso-service,demo,edge-server,ts-inside-payment-service,github-repository
config-service,notification-service,edge-server,comments-webservice,uc,api-gateway,notification-service,ts-order-other-service,order,movie-service,scaffold-business-job-service,security-service,order,zuul
ts-inside-payment-service,statistics-service,rabbitmq,price-service,turbine-stream-service,turbine,department-service,ts-inside-payment-service,message-service,recommendation-service,scaffold-txmanager,demo,order,personal-info-service
ts-admin-basic-info-service,rabbit,gateway-service,item-service,gateway,eureka,turbine-stream-service,ts-food-service,appointment-service,user-service,scaffold-business-thirdparty-service,web-portal,config-service,auth-server
order,approval-service,rating-service,user-service,ts-security-service,mailer,ts-seat-service,ts-order-service,ratings-data-service,rabbitmq,scaffold-business-sys-service,user-webservice,ts-admin-basic-info-service,turbine
eureka,oauth,ts-assurance-service,hotel-service,user-proxy,turbine-stream-service,ts-ticketinfo-service,ts-order-other-service,movie-info-service,mailer,scaffold-route-app,task-webservice,eureka-discovery,edge-server
discovery-service,user-service,ts-config-service,api-gateway,rabbitmq,statistics-service,monitor-dashboard,auth-service,ts-station-service,approval-service,user-webservice,auth-server,kafka,auth-server
ts-route-plan-service,recommendation-service,price-service,api-gateway,ts-admin-route-service,account-service,auth-service,ts-notification-service,reminder,apache,comments-webservice,auth-service,ts-consign-service,mail-server
ts-basic-service,api-gateway,item-service,ts-order-service,ts-admin-order-service,ts-rebook-service,organization-service,ts-basic-service,oauth,config-service,web-portal,web-portal,ts-cancel-service,shipping
ts-food-service,postgres,discovery-service,ts-order-other-service,turbine-server,shipping,ts-travel-service,ts-inside-payment-service,api-gateway,monitor-dashboard,auth-server,zipkin-tracing,eureka-service,rabbitmq
ts-food-service,foodtray-service,auth-service,ts-order-service,appointment-service,recommendation-service,ts-travel2-service,api-gateway,microservice-api-gateway,organization-service,catalog,task-webservice,recommendation-client,repository-service
serviceregistry,apache,gateway,ts-station-service,approval-service,movie-service,ts-config-service,eureka-server,mysql,rabbitmq,turbine,auth-server,turbine-stream-service,order
mysql,hotel-service,comments-webservice,comments-webservice,message-service,invoicing,ts-basic-service,admin,auth-service,geocoderremote-service,customer,user-webservice,ts-execute-service,invoicing
api-gateway,turbine,monitoring,api-gateway,ts-execute-service,discovery-service,mail-server,oauth,monitoring,statistics-service,user-webservice,statement-service,ts-admin-order-service,scaffold-eureka
zipkin,movie-service,turbine-stream-service,monitor-dashboard,mongodb,eureka-service,monitoring,ts-food-service,mail-server,price-service,auth-server,card-service,rabbitmq,ts-basic-service
ts-contacts-service,account-service,monitor-dashboard,monitor-dashboard,task-webservice,zookeeper,eureka-server,ts-consign-service,ts-order-service,item-service,comments-webservice,card-statement-composite,discovery-server,eureka
ts-notification-service,product-proxy,ts-security-service,edge-server,api-gateway,user-service,eureka,ts-consign-service,qbike-order,gateway-service,web-portal,ts-station-service,ts-admin-basic-info-service,ts-food-service
ts-train-service,hystrix-dashboard,ts-consign-service,admin,mailer,github-repository,webservice-registry,ts-notification-service,mail-server,github-repository,ts-rebook-service,account-service,scaffold-eureka,ts-preserve-other-service
ts-security-service,zuul-gateway,ts-food-service,rabbitmq,ts-security-service,ts-travel-plan-service,webservice-registry,ts-security-service,comments-webservice,configserver,price-service,foodtray-service,foodtray-service,ts-preserve-service
turbine-stream-service,geocoderlocal-service,ts-station-food-service,kafka,oauth,qbike-intention,scaffold-eureka,ts-contacts-service,item-service,geocoderlocal-service,store-service,store-service,ts-user-service,ts-order-other-service
foodtray-service,eureka,kafka,zuul,ts-ticketinfo-service,intention,eureka,ts-security-service,price-service,configserver,account-service,customer-service,ts-contacts-service,eureka
shipping,comments-webservice,admin,turbine,order,uc,ts-route-service,ts-route-plan-service,ts-order-other-service,ts-station-service,customer-service,product-service,eureka,ts-station-service
appointment-service,task-webservice,ts-assurance-service,ts-train-service,kafka,position,ts-train-service,ts-route-plan-service,monitor-dashboard,comments-webservice,item-service,auth-server,ts-admin-travel-service,ts-station-service
ts-route-plan-service,price-service,hystrix-dashboard,ts-route-service,ts-execute-service,order,ts-order-service,discovery-service,kafka,security-service,gateway-service,composite-service,geocoderremote-service,message-service
geocoderremote-service,item-service,ts-inside-payment-service,ts-order-other-service,ts-admin-order-service,eureka,ts-order-other-service,price-service,turbine,mysql,statement-service,review-service,zuul,ts-order-service
zuul,rabbitmq,appointment-service,ts-travel-service,ts-order-service,ts-admin-travel-service,ts-config-service,ts-station-food-service,ts-order-service,comments-webservice,card-service,turbine-server,apache,ts-preserve-other-service
message-service,turbine-stream-service,hospital-manage-service,auth-service,ts-admin-travel-service,hystrix-dashboard,ts-price-service,store-service,order,monitor-dashboard,card-statement-composite,edge-server,consul,config-server
gateway-service,turbine-server,zuul-gateway,turbine-stream-service,card-service,geocoderlocal-service,item-service,ts-payment-service,comments-webservice,monitoring,monitor-dashboard,recommendation-service,ts-consign-service,ts-preserve-service
apache,personal-info-service,geocoderlocal-service,monitoring,rabbitmq,geocoderremote-service,price-service,ts-payment-service,ts-order-other-service,review-service,review-service,ts-seat-service,eureka,ts-sso-service
consul,hospital-manage-service,personal-info-service,gateway,statement-service,ts-admin-basic-info-service,message-service,foodtray-service,ts-route-service,composite-service,product-service,customer-service,ts-register-service,configserver
invoicing,blog,ts-price-service,ts-seat-service,discovery-service,product-service,appointment-service,item-service,ts-train-service,auth-server,recommendation-service,account-service,turbine,ts-route-service
ts-security-service,task-webservice,catalog,ts-travel-service,card-statement-composite,zuul-gateway,ratings-data-service,github-repository,rabbitmq,recommendation-service,composite-service,ts-station-service,ts-assurance-service,ts-cancel-service
eureka-discovery,comments-webservice,order,approval-service,monitor,ts-travel-plan-service,movie-info-service,ts-admin-user-service,admin,turbine-server,reminder,ts-sso-service,price-service,ts-seat-service
rabbitmq,github-repository,rabbitmq,config-service,monitor-dashboard,ts-cancel-service,turbine-server,customer-service,monitor-dashboard,product-service,recommendation-service,admin,item-service,ts-travel-service
rabbitmq,ts-preserve-other-service,registry,mail-server,github-repository,category-service,recommendation-service,account-service,ts-route-service,edge-server,user-service,monitoring,zuul-gateway,ts-ticketinfo-service
turbine-server,ts-preserve-service,user-service,ts-seat-service,movie-service,security-service,auth-server,ts-contacts-service,ts-train-service,notification-service,movie-service,ts-seat-service,geocoderlocal-service,config-server
registry,ts-travel-service,api-gateway,ts-travel2-service,user-service,auth-server,review-service,mail-server,ts-travel-service,account-service,api-gateway,ts-order-service,rabbit,configserver
hystrix-dashboard,ts-preserve-other-service,ts-config-service,zuul,eureka-service,eureka-discovery,composite-service,ts-execute-service,ts-seat-service,config-server,oauth,ts-order-other-service,ts-price-service,ts-order-service
task-webservice,ts-preserve-service,message-service,category-service,authserver,ts-travel-service,edge-server,ts-travel-plan-service,ts-seat-service,product-service,mailer,ts-train-service,order,ts-order-other-service
price-service,mysql,customer,security-service,backend,ts-seat-service,product-service,ts-cancel-service,ts-ticketinfo-service,category-service,ts-rebook-service,kafka,comments-webservice,ts-travel2-service
zuul-gateway,monitor-dashboard,customer,product-service,registry,ts-cancel-service,mailer,ts-config-service,ts-travel-service,foodtray-service,geocoderremote-service,ts-travel-service,task-webservice,ts-inside-payment-service
geocoderlocal-service,kafka,catalog,ts-route-service,ts-consign-service,ts-admin-basic-info-service,qbike-order,ts-assurance-service,auth-server,customer-service,geocoderlocal-service,ts-travel-service,movie-service,config-service
ts-assurance-service,rabbitmq,order,ts-ticketinfo-service,github-repository,ts-travel2-service,hystrix-dashboard,ts-route-service,user-webservice,store-service,turbine-stream-service,gateway,user-service,ts-basic-service
movie-catalog-service,ts-order-other-service,config-server,auth-server,github-repository,github-repository,comments-webservice,ts-price-service,foodtray-service,account-service,ts-admin-travel-service,turbine-stream-service,recommendation-service,ts-food-service
discovery-server,ts-travel2-service,mail-server,user-webservice,serviceregistry,github-repository,comments-webservice,ts-preserve-service,task-webservice,config-server,notification-service,ts-route-service,monitor-dashboard,ts-inside-payment-service
recommendation-service,ts-sso-service,statement-service,web-portal,ts-order-service,webservice-registry,ts-seat-service,ts-admin-order-service,account-service,config-server,account-service,personal-info-service,task-webservice,ts-travel-service
approval-service,ts-seat-service,authserver,foodtray-service,customer-service,comments-webservice,ts-basic-service,ts-admin-travel-service,store-service,order,statistics-service,ts-basic-service,comments-webservice,ts-security-service
rating-service,ts-order-service,ts-payment-service,account-service,store-service,user-webservice,order,ts-admin-route-service,customer-service,auth-service,ts-travel-plan-service,gateway-service,catalog,ts-contacts-service
user-service,product-service,backend,config-service,price-service,web-portal,demo,mail-server,web-portal,ts-order-service,ts-travel-service,ts-travel2-service,customer,webservice-registry
item-service,user-proxy,ts-route-plan-service,configserver,ts-contacts-service,auth-server,customer-service,monitor,config-service,kafka,ts-travel2-service,ts-order-service,catalog,turbine
rabbitmq,mongodb,card-statement-composite,store-service,ts-order-other-service,store-service,account-service,ts-food-map-service,approval-service,oauth,ts-travel-plan-service,ts-ticketinfo-service,customer,ts-rebook-service
ts-price-service,security-service,card-service,customer-service,ts-notification-service,item-service,foodtray-service,ts-cancel-service,ts-basic-service,api-gateway,eureka-service,kafka,serviceregistry,ts-train-service
user-service,ts-travel-service,ts-consign-price-service,task-webservice,ts-consign-service,account-service,store-service,ts-login-service,ts-travel2-service,reminder,zuul-gateway,rabbitmq,api-gateway,ts-price-service
movie-service,category-service,user-service,ts-basic-service,ts-admin-user-service,customer-service,approval-service,ts-config-service,ts-price-service,ts-order-other-service,ts-cancel-service,ts-contacts-service,gateway-service,webservice-registry
monitor-dashboard,ts-station-service,ts-food-map-service,ts-travel2-service,item-service,price-service,security-service,ts-consign-price-service,ts-config-service,github-repository,ts-basic-service,ts-user-service,ts-config-service,ts-security-service
comments-webservice,ts-order-service,ts-consign-price-service,configserver,account-service,ts-basic-service,category-service,ts-station-service,zipkin-tracing,web-portal,ts-admin-basic-info-service,ts-travel2-service,turbine-server,appointment-service
gateway,ts-seat-service,ts-basic-service,zipkin-tracing,ts-notification-service,ts-travel2-service,product-service,ts-preserve-other-service,user-webservice,user-webservice,ts-seat-service,ts-order-other-service,jhipster-registry,ts-route-service
discovery-service,web-portal,ts-route-plan-service,task-webservice,ts-admin-route-service,ts-travel-service,movie-catalog-service,ts-food-delivery-service,auth-server,auth-server,external-website,ts-notification-service,ts-admin-order-service,discovery-service
customer,account-service,ts-payment-service,auth-server,hotel-service,recommendation-service,config-server,ts-admin-basic-info-service,task-webservice,task-webservice,webservice-registry,ts-food-service,ts-execute-service,turbine-stream-service
comments-webservice,api-gateway,mail-server,edge-server,ts-food-delivery-service,comments-webservice,config-service,ts-consign-price-service,web-portal,demo,webservice-registry,ts-assurance-service,appointment-service,discovery-server
gateway-service,customer-service,ts-notification-service,review-service,ts-assurance-service,composite-service,github-repository,ts-admin-basic-info-service,security-service,ts-order-service,message-service,ts-consign-service,ts-admin-route-service,ts-travel2-service
kafka,user-webservice,customer-service,user-webservice,rating-service,review-service,mail-server,github-repository,product-service,user-proxy,ts-travel-service,ts-security-service,rating-service,ts-seat-service
ts-consign-service,auth-server,hotel-service,auth-server,recommendation-service,product-service,ts-payment-service,ts-register-service,hystrix-dashboard,auth-server,ts-travel2-service,rabbitmq,user-service,discovery-service
postgres,store-service,store-service,web-portal,benchmark-service,github-repository,kafka,ts-rebook-service,category-service,product-proxy,ts-route-plan-service,ts-contacts-service,eureka,statistics-service
apache,ts-basic-service,ts-train-food-service,product-service,ratings-data-service,webservice-registry,ts-food-map-service,ts-verification-code-service,ts-config-service,ts-order-other-service,eureka-discovery,ts-security-service,kafka,ts-admin-travel-service
task-webservice,ts-station-service,foodtray-service,composite-service,security-service,web-portal,ts-consign-price-service,ts-execute-service,ts-price-service,ts-route-service,hystrix-dashboard,ts-consign-service,monitoring,notification-service
catalog,ts-order-other-service,config-service,recommendation-service,eureka,auth-server,user-webservice,ts-train-service,card-service,zipkin-tracing,rabbitmq,ts-food-service,message-service,ts-cancel-service
customer,ts-travel2-service,account-service,turbine-server,turbine,user-webservice,task-webservice,ts-train-food-service,card-statement-composite,web-portal,discovery-service,ts-assurance-service,account-service,configurator
ts-register-service,recommendation-service,api-gateway,ts-train-service,catalog,ts-route-plan-service,zipkin-tracing,ts-travel-plan-service,statement-service,user-webservice,ts-cancel-service,ts-inside-payment-service,store-service,config-service
catalog,composite-service,benchmark-service,statement-service,customer,ts-basic-service,auth-server,ts-preserve-other-service,config-service,auth-server,ts-route-plan-service,ts-route-service,customer-service,config
product-proxy,product-service,gateway,card-statement-composite,customer,rabbitmq,web-portal,ts-station-service,configserver,task-webservice,eureka-server,ts-train-service,auth-server,eureka
ts-contacts-service,auth-server,config-service,card-service,catalog,github-repository,rabbit,ts-rebook-service,ts-basic-service,admin,ts-admin-route-service,ts-inside-payment-service,api-gateway,ts-route-plan-service
ts-user-service,review-service,zuul,config-server,invoicing,monitor,task-webservice,ts-admin-order-service,ts-travel2-service,config-service,ts-admin-basic-info-service,ts-price-service,web-portal,ts-rebook-service
ts-consign-service,web-portal,qbike-order,demo,shipping,discovery-service,web-portal,ts-admin-travel-service,auth-server,ts-train-service,ts-order-other-service,mail-server,user-webservice,gateway-service
ts-config-service,monitor-dashboard,mail-server,config-server,web-portal,statement-service,user-webservice,ts-sso-service,review-service,ts-route-service,ts-order-service,mail-server,approval-service,zookeeper
store-service,api-gateway,zipkin-tracing,scaffold-zuul,user-webservice,scaffold-route-app,auth-server,ts-user-service,recommendation-service,github-repository,kafka,ts-config-service,ts-config-service,auth-service
ts-notification-service,user-webservice,configserver,mail-server,comments-webservice,card-service,mysql,ts-preserve-service,composite-service,github-repository,ts-food-service,ts-config-service,card-statement-composite,config-server
ts-assurance-service,ts-rebook-service,auth-server,ts-contacts-service,auth-server,scaffold-route-operate,ts-travel-service,ts-price-service,edge-server,mail-server,ts-seat-service,ts-route-plan-service,statement-service,mailer
ts-execute-service,edge-server,user-webservice,ts-user-service,webservice-registry,card-statement-composite,apache,ts-route-service,configserver,config-service,ts-basic-service,ts-route-plan-service,edge-server,ts-travel-plan-service
backend,card-service,web-portal,ts-price-service,github-repository,scaffold-txmanager,ts-station-food-service,ts-admin-route-service,turbine-server,qbike-trip,ts-inside-payment-service,ts-price-service,card-service,reminder
customer-service,statement-service,zuul,ts-contacts-service,registry,scaffold-business-thirdparty-service,ts-consign-price-service,ts-assurance-service,product-service,card-statement-composite,ts-admin-order-service,ts-notification-service,auth-server,account-service
ts-admin-order-service,card-statement-composite,security-service,ts-notification-service,auth-server,scaffold-business-job-service,ts-payment-service,ts-train-service,config-server,card-service,ts-execute-service,ts-verification-code-service,user-webservice,ts-travel-plan-service
ts-price-service,demo,category-service,ts-inside-payment-service,category-service,scaffold-business-sys-service,ts-train-food-service,benchmark-service,demo,statement-service,ts-security-service,ts-food-map-service,api-gateway,registry
authserver,scaffold-config-server,product-service,microservice-api-gateway,external-website,demo,github-repository,edge-server,config-server,scaffold-route-openapi,ts-inside-payment-service,ts-payment-service,web-portal,approval-service
ts-admin-route-service,turbine,store,qbike-trip,product-service,scaffold-eureka,ts-notification-service,customer,ts-user-service,scaffold-route-operate,invoicing,ts-payment-service,ts-price-service,turbine-server
ts-admin-order-service,ts-train-service,qbike-trip,qbike-order,recommendation-service,scaffold-route-openapi,ts-inside-payment-service,github-repository,ts-contacts-service,scaffold-route-app,zookeeper,ts-station-food-service,ts-login-service,ts-route-plan-service
ts-login-service,ts-route-service,blog,ts-inside-payment-service,product-service,eureka-server,ts-contacts-service,zuul,ts-inside-payment-service,scaffold-business-job-service,shipping,ts-train-food-service,mysql,ts-assurance-service
ts-config-service,ts-ticketinfo-service,config-server,ts-food-service,review-service,github-repository,scaffold-route-app,user-proxy,ts-contacts-service,scaffold-txmanager,ts-execute-service,ts-basic-service,product-proxy,geocoderremote-service
ts-execute-service,monitoring,mail-server,ts-config-service,composite-service,kafka,scaffold-business-job-service,product-service,ts-notification-service,scaffold-config-server,ts-admin-order-service,scaffold-zuul,review-service,serviceregistry
ts-station-food-service,ts-rebook-service,approval-service,ts-assurance-service,geocoderlocal-service,monitor-dashboard,scaffold-txmanager,category-service,qbike-trip,scaffold-business-thirdparty-service,ts-security-service,configserver,composite-service,gateway
ts-verification-code-service,zookeeper,edge-server,ts-station-food-service,zuul-gateway,registry,scaffold-business-sys-service,security-service,ts-station-food-service,scaffold-business-sys-service,ts-admin-travel-service,ts-consign-price-service,recommendation-service,gateway-service
ts-admin-travel-service,mail-server,turbine-server,ts-security-service,geocoderremote-service,rabbitmq,scaffold-config-server,product-proxy,ts-payment-service,github-repository,registry,mail-server,product-service,api-gateway
benchmark-service,github-repository,auth-server,ts-consign-service,hystrix-dashboard,external-website,scaffold-route-openapi,auth-server,mail-server,zookeeper,rabbitmq,ts-consign-price-service,hystrix-dashboard,product-proxy
account-service,ts-inside-payment-service,composite-service,ts-price-service,eureka-discovery,ts-route-plan-service,scaffold-route-operate,turbine,ts-security-service,ts-travel-service,monitor,ts-rebook-service,apache,discovery-service
account-service,ts-travel-plan-service,review-service,ts-verification-code-service,eureka-server,ts-inside-payment-service,scaffold-business-thirdparty-service,order,ts-assurance-service,ts-seat-service,ts-register-service,ts-register-service,postgres,registry
demo,qbike-intention,product-service,ts-food-service,kafka,ts-food-service,config-service,blog,ts-consign-service,ts-travel-service,discovery-service,scaffold-route-app,mongodb,discovery-server
personal-info-service,uc,recommendation-service,ts-consign-service,github-repository,ts-seat-service,ts-food-service,catalog,ts-inside-payment-service,ts-station-food-service,ts-order-other-service,ts-admin-basic-info-service,gateway,kafka
auth-server,qbike-order,microservice-api-gateway,ts-security-service,store,ts-food-service,ts-verification-code-service,apache,ts-food-service,ts-price-service,ts-order-service,ts-preserve-other-service,discovery-server,movie-catalog-service
mongodb,intention,task-webservice,ts-config-service,github-repository,ts-register-service,ts-consign-service,consul,ts-assurance-service,ts-train-service,ts-login-service,ts-execute-service,discovery-service,eureka-service
security-service,position,web-portal,ts-assurance-service,eureka,ts-inside-payment-service,ts-assurance-service,zookeeper,ts-security-service,github-repository,ts-food-service,ts-travel-plan-service,gateway-service,eureka-discovery
category-service,order,configserver,ts-payment-service,rabbitmq,rabbit,ts-security-service,apache,ts-consign-service,monitor,ts-assurance-service,ts-admin-order-service,registry,recommendation-client
monitoring,qbike-trip,user-webservice,ts-route-plan-service,zookeeper,zipkin,card-statement-composite,postgres,ts-verification-code-service,ts-travel2-service,ts-admin-user-service,ts-admin-travel-service,movie-catalog-service,eureka-server
customer-service,ts-travel-plan-service,auth-server,mail-server,scaffold-route-app,eureka,card-service,web-portal,ts-food-service,ts-basic-service,ts-contacts-service,ts-admin-route-service,shipping,admin
store,ts-admin-basic-info-service,task-webservice,ts-consign-price-service,comments-webservice,api-gateway,statement-service,user-webservice,ts-train-food-service,mail-server,ts-admin-route-service,ts-cancel-service,invoicing,logstash
qbike-intention,ts-cancel-service,customer-service,ts-notification-service,zipkin,qbike-order,ts-travel2-service,api-gateway,ts-payment-service,ts-consign-price-service,ts-ticketinfo-service,ts-rebook-service,monitor-dashboard,api-gateway
product-service,ts-food-service,gateway-service,ts-train-food-service,account-service,qbike-trip,mail-server,store,ts-consign-price-service,ts-seat-service,ts-food-delivery-service,ts-admin-basic-info-service,ts-admin-user-service,auth-service
order,ts-admin-travel-service,account-service,mail-server,customer-service,qbike-uc,qbike-trip,logstash,ts-food-map-service,ts-ticketinfo-service,github-repository,ts-food-delivery-service,hotel-service,oauth
position,zuul,repository-service,ts-food-map-service,discovery-service,ts-execute-service,turbine,statement-service,ts-consign-price-service,mail-server,scaffold-eureka,ts-preserve-other-service,scaffold-config-server,gateway
intention,auth-server,scaffold-zuul,ts-basic-service,discovery-service,ts-admin-route-service,ts-route-plan-service,discovery-server,mail-server,ts-config-service,ts-consign-service,ts-execute-service,demo,order
uc,ts-inside-payment-service,movie-info-service,ts-payment-service,scaffold-txmanager,ts-admin-order-service,gateway-service,recommendation-service,ts-route-plan-service,position,ts-notification-service,ts-travel-plan-service,category-service,zuul
user-proxy,ts-cancel-service,ratings-data-service,ts-route-plan-service,scaffold-business-thirdparty-service,ts-security-service,auth-server,product-service,ts-notification-service,qbike-uc,ts-consign-service,ts-admin-order-service,product-service,order
qbike-trip,ts-route-service,demo,ts-consign-price-service,user-webservice,ts-execute-service,product-proxy,review-service,ts-route-plan-service,qbike-intention,ts-sso-service,ts-preserve-service,github-repository,apache
qbike-order,ts-basic-service,ts-preserve-service,ts-admin-order-service,scaffold-business-job-service,ts-order-other-service,user-proxy,composite-service,product-proxy,intention,ts-user-service,scaffold-config-server,hospital-manage-service,consul
scaffold-config-server,ts-route-plan-service,user-proxy,ts-admin-travel-service,web-portal,ts-order-service,config-service,monitor-dashboard,ts-cancel-service,order,ts-train-service,ts-preserve-service,security-service,foodtray-service
hospital-manage-service,ts-food-service,scaffold-route-openapi,apache,scaffold-business-sys-service,ts-admin-order-service,config,auth-server,ts-admin-route-service,api-gateway,ts-payment-service,intention,user-proxy,employee-service
repository-service,ts-admin-basic-info-service,ts-food-delivery-service,ts-admin-order-service,scaffold-route-operate,ts-admin-travel-service,external-website,config-server,scaffold-route-openapi,zipkin,ts-station-food-service,qbike-uc,position,department-service
api-gateway,github-repository,github-repository,ts-admin-route-service,repository-service,ts-ticketinfo-service,oauth,turbine-server,ts-preserve-service,uc,ts-station-service,microservice-api-gateway,intention,gateway-service
recommendation-service,github-repository,scaffold-config-server,ts-admin-travel-service,scaffold-route-openapi,ts-login-service,reminder,edge-server,ts-travel-plan-service,ts-travel2-service,ts-route-service,qbike-intention,order,organization-service
product-service,ts-route-plan-service,scaffold-route-operate,product-proxy,scaffold-eureka,ts-security-service,api-gateway,approval-service,zookeeper,ts-consign-price-service,ts-price-service,qbike-order,uc,customer-service
review-service,ts-security-service,monitor,ts-admin-route-service,api-gateway,ts-order-other-service,config-server,github-repository,github-repository,ts-basic-service,mail-server,external-website,authserver,backend
edge-server,auth-server,github-repository,ts-travel-plan-service,demo,ts-notification-service,ts-execute-service,hospital-manage-service,ts-admin-route-service,turbine,ts-assurance-service,config,account-service,account-service
web-portal,zipkin-tracing,ts-rebook-service,ts-cancel-service,qbike-trip,ts-food-delivery-service,ts-admin-route-service,gateway-service,ts-admin-travel-service,ts-price-service,ts-consign-price-service,github-repository,movie-info-service,security-service
composite-service,github-repository,zookeeper,ts-execute-service,auth-server,ts-consign-service,ts-admin-travel-service,personal-info-service,ts-admin-order-service,ts-verification-code-service,ts-config-service,configserver,customer-service,authserver
statement-service,edge-server,ts-admin-basic-info-service,auth-server,movie-info-service,ts-order-service,ts-travel-plan-service,mail-server,github-repository,postgres,mail-server,postgres,backend,web-portal
card-service,ts-contacts-service,ts-admin-user-service,ts-preserve-other-service,rabbit,ts-contacts-service,ts-admin-order-service,geocoderlocal-service,ts-execute-service,apache,ts-contacts-service,apache,ratings-data-service,catalog
card-statement-composite,ts-train-service,github-repository,ts-preserve-service,github-repository,ts-admin-user-service,ts-rebook-service,hystrix-dashboard,ts-admin-travel-service,zookeeper,ts-train-food-service,zookeeper,qbike-trip,user-webservice
monitor-dashboard,ts-security-service,mongodb,ts-food-delivery-service,qbike-uc,ts-consign-service,ts-admin-user-service,configurator,mongodb,github-repository,auth-server,apache,qbike-intention,composite-service
ratings-data-service,ts-notification-service,ts-preserve-other-service,ts-admin-basic-info-service,qbike-order,ts-assurance-service,ts-preserve-service,mongodb,user-proxy,ts-payment-service,ts-payment-service,zuul,personal-info-service,customer
movie-info-service,scaffold-zuul,configurator,ts-rebook-service,webservice-registry,ts-admin-route-service,ts-cancel-service,zookeeper,ts-preserve-other-service,ts-inside-payment-service,discovery-server,turbine,qbike-order,qbike-trip
user-webservice,monitor,auth-server,qbike-uc,eureka,ts-notification-service,ts-register-service,comments-webservice,ts-food-delivery-service,ts-config-service,ts-station-service,auth-server,ts-verification-code-service,customer
auth-server,github-repository,gateway-service,ts-admin-user-service,logstash,ts-consign-price-service,ts-login-service,auth-server,ts-admin-basic-info-service,ts-train-food-service,scaffold-zuul,product-proxy,ts-station-food-service,qbike-intention
api-gateway,scaffold-route-openapi,ts-execute-service,ts-travel-plan-service,ts-station-food-service,ts-user-service,ts-admin-basic-info-service,task-webservice,ts-rebook-service,ts-user-service,blog,user-proxy,ts-notification-service,recommendation-service
user-webservice,scaffold-route-operate,ts-travel-plan-service,external-website,ts-train-food-service,discovery-server,ts-preserve-other-service,auth-server,auth-server,ts-contacts-service,zuul,zuul,rabbitmq,monitor-dashboard
web-portal,scaffold-business-sys-service,config-server,scaffold-route-operate,mail-server,mail-server,configserver,demo,zookeeper,config,eureka,github-repository,ts-payment-service,comments-webservice
hotel-service,scaffold-business-job-service,ts-admin-order-service,scaffold-route-openapi,ts-consign-price-service,zipkin-tracing,configserver,scaffold-config-server,ts-admin-order-service,external-website,eureka,github-repository,ts-food-map-service,catalog
ts-train-food-service,scaffold-txmanager,ts-admin-travel-service,scaffold-config-server,mail-server,ts-train-food-service,ts-user-service,scaffold-route-openapi,config-server,ts-inside-payment-service,zipkin,zookeeper,mail-server,auth-server
ts-payment-service,github-repository,ts-admin-route-service,scaffold-business-sys-service,monitor-dashboard,ts-station-service,ts-contacts-service,repository-service,uc,ts-payment-service,consul,mongodb,external-website,task-webservice
ts-food-delivery-service,scaffold-business-thirdparty-service,github-repository,scaffold-business-job-service,ts-payment-service,api-gateway,ts-security-service,scaffold-route-operate,intention,configurator,api-gateway,configurator,zipkin-tracing,product-service
ts-consign-price-service,scaffold-route-app,movie-catalog-service,scaffold-business-thirdparty-service,auth-server,api-gateway,ts-inside-payment-service,web-portal,position,mongodb,rabbit,gateway-service,github-repository,monitoring
zuul,external-website,product-proxy,scaffold-txmanager,ts-station-service,ts-payment-service,ts-assurance-service,user-webservice,github-repository,ts-route-plan-service,mysql,config-server,github-repository,review-service
github-repository,mail-server,turbine,configurator,edge-server,edge-server,ts-food-service,api-gateway,order,ts-notification-service,eureka,ts-cancel-service,auth-server,api-gateway
blog,ts-consign-service,ts-cancel-service,mongodb,discovery-server,discovery-server,ts-consign-service,comments-webservice,api-gateway,ts-security-service,microservice-api-gateway,uc,edge-server,account-service
turbine,ts-contacts-service,zipkin,config-service,hospital-manage-service,ts-station-food-service,ts-route-plan-service,task-webservice,zipkin,ts-consign-service,mail-server,position,github-repository,config-service
github-repository,ts-user-service,ts-admin-basic-info-service,ts-execute-service,ts-user-service,consul,ts-notification-service,zipkin-tracing,gateway-service,ts-food-service,zipkin-tracing,scaffold-route-openapi,github-repository,user-service
mail-server,ts-register-service,ts-register-service,qbike-intention,ts-train-service,zuul,github-repository,github-repository,movie-catalog-service,ts-assurance-service,github-repository,ts-login-service,rabbitmq,movie-service
edge-server,ts-assurance-service,ts-rebook-service,zookeeper,personal-info-service,blog,monitor,movie-info-service,github-repository,ts-food-map-service,monitoring,ts-admin-user-service,scaffold-business-sys-service,monitor-dashboard
auth-server,ts-consign-service,external-website,zipkin,api-gateway,mail-server,github-repository,ratings-data-service,config-service,ts-contacts-service,api-gateway,github-repository,scaffold-route-operate,card-statement-composite
mail-server,ts-price-service,qbike-intention,api-gateway,mail-server,logstash,zipkin,movie-catalog-service,github-repository,ts-notification-service,logstash,config-service,scaffold-zuul,card-service
auth-server,microservice-api-gateway,github-repository,order,blog,edge-server,qbike-uc,discovery-server,scaffold-txmanager,ts-preserve-service,edge-server,monitor,scaffold-route-app,statement-service
ts-admin-route-service,qbike-uc,ts-preserve-service,position,discovery-service,monitor-dashboard,position,github-repository,scaffold-business-thirdparty-service,ts-admin-route-service,discovery-service,github-repository,scaffold-route-openapi,recommendation-service
zookeeper,api-gateway,qbike-uc,intention,ts-config-service,monitoring,order,monitor-dashboard,scaffold-business-job-service,ts-admin-travel-service,ts-route-service,github-repository,scaffold-business-job-service,edge-server
ts-consign-price-service,zipkin,uc,uc,monitoring,ts-food-map-service,qbike-intention,card-statement-composite,scaffold-business-sys-service,ts-admin-order-service,ts-train-service,movie-catalog-service,scaffold-business-thirdparty-service,item-service
monitor,ts-admin-order-service,intention,github-repository,ts-route-service,scaffold-zuul,api-gateway,card-service,scaffold-config-server,ts-travel-plan-service,ts-config-service,github-repository,scaffold-txmanager,customer-service
github-repository,ts-config-service,position,config,ts-price-service,hospital-manage-service,intention,scaffold-zuul,scaffold-route-operate,ts-rebook-service,mail-server,order,ts-admin-route-service,store-service
github-repository,ts-admin-route-service,order,github-repository,microservice-api-gateway,personal-info-service,uc,scaffold-business-sys-service,qbike-uc,ts-cancel-service,ts-food-map-service,scaffold-route-operate,github-repository,price-service
ts-admin-user-service,ts-execute-service,ts-cancel-service,github-repository,zipkin-tracing,ts-config-service,admin,scaffold-business-job-service,monitor,ts-admin-basic-info-service,ts-verification-code-service,ts-admin-route-service,ts-train-food-service,rating-service
ts-food-map-service,ts-notification-service,ts-login-service,movie-catalog-service,ts-train-service,ts-route-service,github-repository,scaffold-business-thirdparty-service,turbine,ts-food-delivery-service,github-repository,scaffold-business-sys-service,ts-payment-service,hotel-service
github-repository,ts-station-food-service,api-gateway,ts-preserve-other-service,ts-verification-code-service,ts-price-service,github-repository,github-repository,apache,ts-execute-service,monitor-dashboard,scaffold-business-job-service,mail-server,user-service
github-repository,ts-price-service,config,ts-admin-basic-info-service,api-gateway,ts-train-service,ts-admin-basic-info-service,config,ts-travel-plan-service,ts-preserve-other-service,ts-price-service,scaffold-business-thirdparty-service,turbine,hospital-manage-service
scaffold-route-operate,ts-assurance-service,github-repository,ts-register-service,mysql,ts-verification-code-service,ts-admin-route-service,monitoring,ts-execute-service,ts-assurance-service,discovery-server,scaffold-txmanager,zuul,mongodb
scaffold-route-openapi,ts-config-service,ts-preserve-other-service,ts-rebook-service,ts-consign-price-service,ts-consign-price-service,ts-admin-travel-service,external-website,apache,ts-food-service,hospital-manage-service,config-service,auth-server,movie-info-service
scaffold-zuul,ts-admin-order-service,postgres,ts-preserve-service,discovery-server,mysql,ts-admin-order-service,mail-server,configurator,ts-consign-service,personal-info-service,zipkin,blog,discovery-service
scaffold-business-sys-service,ts-execute-service,apache,ts-cancel-service,ts-station-service,ts-station-service,ts-travel-plan-service,qbike-intention,ts-preserve-other-service,ts-security-service,ts-consign-price-service,api-gateway,github-repository,zipkin
scaffold-business-job-service,ts-admin-travel-service,ts-admin-route-service,ts-login-service,scaffold-zuul,ts-payment-service,ts-food-delivery-service,microservice-api-gateway,ts-admin-basic-info-service,ts-route-plan-service,edge-server,ts-admin-travel-service,store,geocoderlocal-service
zipkin-tracing,ts-login-service,zookeeper,github-repository,consul,microservice-api-gateway,ts-execute-service,qbike-trip,ts-register-service,ts-admin-route-service,ts-notification-service,mail-server,zipkin,category-service
scaffold-business-thirdparty-service,ts-verification-code-service,ts-admin-travel-service,user-proxy,ts-payment-service,ts-train-service,ts-rebook-service,qbike-uc,ts-rebook-service,ts-admin-travel-service,github-repository,config-server,api-gateway,product-service
scaffold-txmanager,mail-server,ts-admin-order-service,zookeeper,zipkin,mail-server,ts-preserve-other-service,mysql,ts-preserve-service,ts-admin-order-service,github-repository,qbike-trip,ts-consign-price-service,user-proxy
ts-payment-service,ts-food-delivery-service,apache,apache,ts-sso-service,ts-sso-service,ts-cancel-service,uc,qbike-intention,ts-admin-user-service,github-repository,config-service,qbike-uc,ratings-data-service
zipkin,ts-payment-service,ts-travel-plan-service,postgres,mail-server,mail-server,ts-preserve-service,intention,postgres,ts-login-service,discovery-service,config-server,microservice-api-gateway,demo
api-gateway,ts-train-food-service,config-service,monitor,ts-contacts-service,ts-contacts-service,config-server,position,ts-cancel-service,ts-cancel-service,qbike-order,gateway-service,ts-consign-price-service,web-portal
qbike-uc,ts-consign-price-service,ts-execute-service,github-repository,ts-food-map-service,zipkin,github-repository,order,ts-login-service,ts-preserve-other-service,qbike-trip,api-gateway,zookeeper,user-webservice
microservice-api-gateway,ts-payment-service,scaffold-business-sys-service,turbine,ts-config-service,ts-config-service,zookeeper,api-gateway,ts-admin-user-service,ts-rebook-service,qbike-uc,gateway,mail-server,api-gateway
mail-server,ts-admin-route-service,scaffold-business-job-service,config-server,ts-assurance-service,ts-assurance-service,postgres,zipkin,github-repository,ts-preserve-service,registry,eureka,ts-food-delivery-service,comments-webservice
mail-server,ts-food-map-service,scaffold-business-thirdparty-service,github-repository,zuul,ts-route-service,apache,config-service,github-repository,ts-register-service,qbike-intention,repository-service,mail-server,auth-server
external-website,ts-admin-user-service,github-repository,github-repository,ts-route-service,ts-price-service,zookeeper,zipkin,config,ts-travel-plan-service,serviceregistry,benchmark-service,monitor,task-webservice
github-repository,mail-server,scaffold-txmanager,gateway-service,ts-price-service,discovery-service,configurator,scaffold-txmanager,external-website,ts-execute-service,rabbitmq,authserver,repository-service,scaffold-config-server
scaffold-route-app,ts-consign-price-service,scaffold-route-app,scaffold-route-app,edge-server,auth-server,mongodb,scaffold-route-app,scaffold-route-app,ts-admin-basic-info-service,gateway,backend,benchmark-service,zuul-gateway
